{
  "config": {
    "name": "09_convnext_focal",
    "backbone": "convnext",
    "pretrained": false,
    "batch_size": 32,
    "accumulation_steps": 1,
    "lr": 0.0001,
    "weight_decay": 0.0001,
    "max_epochs": 100,
    "early_stop_patience": 20,
    "sr": 44100,
    "sequence_len": 500,
    "n_fft": 1024,
    "hop_length": 172,
    "n_freq_bins": 256,
    "fmin": 500,
    "fmax": 10000,
    "freq_compression": "linear",
    "loss_type": "focal",
    "focal_gamma": 2.0,
    "label_smoothing": 0.1,
    "cb_beta": 0.9999,
    "weighted_sampling": true,
    "sampling_strategy": "sqrt_inverse_freq",
    "use_compile": true,
    "use_warmup": true,
    "warmup_epochs": 5,
    "scheduler": "cosine",
    "grad_clip": 1.0,
    "mixup_alpha": 0.0,
    "spec_augment": false,
    "num_workers": 8,
    "pin_memory": true,
    "prefetch_factor": 4,
    "persistent_workers": true,
    "use_cache": true
  },
  "best_val_acc": 0.4326543022195196,
  "best_epoch": 96,
  "test_acc": 0.4413371906139505,
  "test_per_class": {
    "K1": 0.8812785388127854,
    "K10": 1.0,
    "K12": 0.9113924050632911,
    "K13": 0.8,
    "K14": 0.75,
    "K17": 0.9629629629629629,
    "K21": 0.8484848484848485,
    "K27": 0.8181818181818182,
    "K3": 0.8795180722891566,
    "K4": 0.9074074074074074,
    "K5": 0.8612903225806452,
    "K7": 0.9841269841269841,
    "noise": 0.07205113306217316
  },
  "total_time_minutes": 29.676038217544555
}