{
  "config": {
    "name": "11_resnet18_long_seq",
    "backbone": "resnet18",
    "pretrained": false,
    "batch_size": 48,
    "accumulation_steps": 1,
    "lr": 0.0003,
    "weight_decay": 0.0001,
    "max_epochs": 100,
    "early_stop_patience": 20,
    "sr": 44100,
    "sequence_len": 1000,
    "n_fft": 1024,
    "hop_length": 172,
    "n_freq_bins": 256,
    "fmin": 500,
    "fmax": 10000,
    "freq_compression": "linear",
    "loss_type": "focal",
    "focal_gamma": 2.0,
    "label_smoothing": 0.1,
    "cb_beta": 0.9999,
    "weighted_sampling": true,
    "sampling_strategy": "sqrt_inverse_freq",
    "use_compile": true,
    "use_warmup": true,
    "warmup_epochs": 5,
    "scheduler": "onecycle",
    "grad_clip": 1.0,
    "mixup_alpha": 0.0,
    "spec_augment": false,
    "num_workers": 8,
    "pin_memory": true,
    "prefetch_factor": 4,
    "persistent_workers": true,
    "use_cache": true
  },
  "best_val_acc": 0.90392216479173,
  "best_epoch": 93,
  "test_acc": 0.9148183863709418,
  "test_per_class": {
    "K1": 0.9794520547945206,
    "K10": 0.9622641509433962,
    "K12": 0.9493670886075949,
    "K13": 0.85,
    "K14": 0.8333333333333334,
    "K17": 0.9814814814814815,
    "K21": 0.9696969696969697,
    "K27": 1.0,
    "K3": 0.9397590361445783,
    "K4": 0.9722222222222222,
    "K5": 0.9903225806451613,
    "K7": 0.9947089947089947,
    "noise": 0.8657757117954678
  },
  "total_time_minutes": 31.896437418460845
}