{
  "config": {
    "name": "exp6_convnext_ultimate",
    "backbone": "convnext_tiny",
    "pretrained": false,
    "batch_size": 32,
    "lr": 0.0003,
    "weight_decay": 0.01,
    "max_epochs": 100,
    "early_stop_patience": 25,
    "sr": 44100,
    "sequence_len": 1000,
    "n_fft": 1024,
    "hop_length": 172,
    "n_freq_bins": 256,
    "fmin": 500,
    "fmax": 10000,
    "freq_compression": "linear",
    "loss_type": "label_smoothing",
    "label_smoothing": 0.1,
    "class_weight_boost": null,
    "weighted_sampling": true,
    "sampling_strategy": "sqrt_inverse_freq",
    "k12_k14_boost": 1.5,
    "use_compile": true,
    "scheduler": "onecycle",
    "grad_clip": 1.0,
    "num_workers": 8,
    "pin_memory": true,
    "prefetch_factor": 4,
    "persistent_workers": true,
    "use_cache": true
  },
  "best_val_acc": 0.9920948616600791,
  "best_epoch": 21,
  "test_acc": 0.9919639987142398,
  "test_per_class": {
    "K1": 0.9931506849315068,
    "K10": 1.0,
    "K12": 0.8987341772151899,
    "K13": 0.9,
    "K14": 0.75,
    "K17": 1.0,
    "K21": 1.0,
    "K27": 1.0,
    "K3": 0.9759036144578314,
    "K4": 0.9629629629629629,
    "K5": 0.9935483870967742,
    "K7": 0.9947089947089947,
    "noise": 1.0
  },
  "best_k12_acc": 0.9736842105263158,
  "best_k14_acc": 1.0,
  "test_k12": 0.8987341772151899,
  "test_k14": 0.75,
  "total_time_minutes": 15.43806208372116
}