{
  "config": {
    "name": "exp8_resnet18_1500ms",
    "backbone": "resnet18",
    "pretrained": false,
    "batch_size": 48,
    "lr": 0.0003,
    "weight_decay": 0.0001,
    "max_epochs": 100,
    "early_stop_patience": 25,
    "sr": 44100,
    "sequence_len": 1500,
    "n_fft": 1024,
    "hop_length": 172,
    "n_freq_bins": 256,
    "fmin": 500,
    "fmax": 10000,
    "freq_compression": "linear",
    "loss_type": "label_smoothing",
    "label_smoothing": 0.1,
    "class_weight_boost": null,
    "weighted_sampling": true,
    "sampling_strategy": "sqrt_inverse_freq",
    "k12_k14_boost": 1.5,
    "use_compile": true,
    "scheduler": "onecycle",
    "grad_clip": 1.0,
    "num_workers": 8,
    "pin_memory": true,
    "prefetch_factor": 4,
    "persistent_workers": true,
    "use_cache": true
  },
  "best_val_acc": 0.9923989054423837,
  "best_epoch": 35,
  "test_acc": 0.9916425586628094,
  "test_per_class": {
    "K1": 0.9908675799086758,
    "K10": 0.9811320754716981,
    "K12": 0.9240506329113924,
    "K13": 0.9,
    "K14": 0.75,
    "K17": 1.0,
    "K21": 0.9696969696969697,
    "K27": 1.0,
    "K3": 0.963855421686747,
    "K4": 0.9629629629629629,
    "K5": 0.9967741935483871,
    "K7": 0.9947089947089947,
    "noise": 1.0
  },
  "best_k12_acc": 0.9736842105263158,
  "best_k14_acc": 1.0,
  "test_k12": 0.9240506329113924,
  "test_k14": 0.75,
  "total_time_minutes": 22.37856264511744
}