{
  "config": {
    "name": "exp4_resnet34_long_seq",
    "backbone": "resnet34",
    "pretrained": false,
    "batch_size": 48,
    "lr": 0.0003,
    "weight_decay": 0.0001,
    "max_epochs": 100,
    "early_stop_patience": 25,
    "sr": 44100,
    "sequence_len": 800,
    "n_fft": 1024,
    "hop_length": 172,
    "n_freq_bins": 256,
    "fmin": 500,
    "fmax": 10000,
    "freq_compression": "linear",
    "loss_type": "label_smoothing",
    "label_smoothing": 0.1,
    "class_weight_boost": null,
    "weighted_sampling": true,
    "sampling_strategy": "sqrt_inverse_freq",
    "k12_k14_boost": 1.5,
    "use_compile": true,
    "scheduler": "onecycle",
    "grad_clip": 1.0,
    "num_workers": 8,
    "pin_memory": true,
    "prefetch_factor": 4,
    "persistent_workers": true,
    "use_cache": true
  },
  "best_val_acc": 0.9908786865308604,
  "best_epoch": 39,
  "test_acc": 0.9900353584056574,
  "test_per_class": {
    "K1": 0.9863013698630136,
    "K10": 1.0,
    "K12": 0.9367088607594937,
    "K13": 0.8,
    "K14": 0.5833333333333334,
    "K17": 1.0,
    "K21": 0.9696969696969697,
    "K27": 1.0,
    "K3": 0.9518072289156626,
    "K4": 0.9814814814814815,
    "K5": 0.9903225806451613,
    "K7": 1.0,
    "noise": 0.999418942475305
  },
  "best_k12_acc": 1.0,
  "best_k14_acc": 1.0,
  "test_k12": 0.9367088607594937,
  "test_k14": 0.5833333333333334,
  "total_time_minutes": 20.204308756192525
}