{
  "config": {
    "name": "07_resnet18_mixup",
    "backbone": "resnet18",
    "pretrained": false,
    "batch_size": 64,
    "accumulation_steps": 1,
    "lr": 0.0003,
    "weight_decay": 0.0001,
    "max_epochs": 100,
    "early_stop_patience": 20,
    "sr": 44100,
    "sequence_len": 500,
    "n_fft": 1024,
    "hop_length": 172,
    "n_freq_bins": 256,
    "fmin": 500,
    "fmax": 10000,
    "freq_compression": "linear",
    "loss_type": "focal",
    "focal_gamma": 2.0,
    "label_smoothing": 0.1,
    "cb_beta": 0.9999,
    "weighted_sampling": true,
    "sampling_strategy": "sqrt_inverse_freq",
    "use_compile": true,
    "use_warmup": true,
    "warmup_epochs": 5,
    "scheduler": "onecycle",
    "grad_clip": 1.0,
    "mixup_alpha": 0.4,
    "spec_augment": false,
    "num_workers": 8,
    "pin_memory": true,
    "prefetch_factor": 4,
    "persistent_workers": true,
    "use_cache": true
  },
  "best_val_acc": 0.27151109759805414,
  "best_epoch": 20,
  "test_acc": 0.06203792992606879,
  "test_per_class": {
    "K1": 0.0,
    "K10": 0.33962264150943394,
    "K12": 1.0,
    "K13": 0.25,
    "K14": 0.5,
    "K17": 0.25925925925925924,
    "K21": 0.696969696969697,
    "K27": 1.0,
    "K3": 0.08433734939759036,
    "K4": 0.027777777777777776,
    "K5": 0.035483870967741936,
    "K7": 0.08465608465608465,
    "noise": 0.0
  },
  "total_time_minutes": 10.887593972682954
}