{
  "config": {
    "name": "04_resnet18_pretrained",
    "backbone": "resnet18",
    "pretrained": true,
    "batch_size": 64,
    "accumulation_steps": 1,
    "lr": 0.0001,
    "weight_decay": 0.0001,
    "max_epochs": 100,
    "early_stop_patience": 20,
    "sr": 44100,
    "sequence_len": 500,
    "n_fft": 1024,
    "hop_length": 172,
    "n_freq_bins": 256,
    "fmin": 500,
    "fmax": 10000,
    "freq_compression": "linear",
    "loss_type": "focal",
    "focal_gamma": 2.0,
    "label_smoothing": 0.1,
    "cb_beta": 0.9999,
    "weighted_sampling": true,
    "sampling_strategy": "sqrt_inverse_freq",
    "use_compile": true,
    "use_warmup": true,
    "warmup_epochs": 5,
    "scheduler": "cosine",
    "grad_clip": 1.0,
    "mixup_alpha": 0.0,
    "spec_augment": false,
    "num_workers": 8,
    "pin_memory": true,
    "prefetch_factor": 4,
    "persistent_workers": true,
    "use_cache": true
  },
  "best_val_acc": 0.7871693523867437,
  "best_epoch": 69,
  "test_acc": 0.676309868209579,
  "test_per_class": {
    "K1": 0.9680365296803652,
    "K10": 0.9811320754716981,
    "K12": 0.9493670886075949,
    "K13": 1.0,
    "K14": 0.9166666666666666,
    "K17": 1.0,
    "K21": 0.9696969696969697,
    "K27": 1.0,
    "K3": 0.9156626506024096,
    "K4": 0.9722222222222222,
    "K5": 0.9838709677419355,
    "K7": 0.9894179894179894,
    "noise": 0.43695525857059847
  },
  "total_time_minutes": 24.5729217727979
}