{
  "config": {
    "name": "02_resnet18_focal",
    "backbone": "resnet18",
    "pretrained": false,
    "batch_size": 64,
    "accumulation_steps": 1,
    "lr": 0.0003,
    "weight_decay": 0.0001,
    "max_epochs": 100,
    "early_stop_patience": 20,
    "sr": 44100,
    "sequence_len": 500,
    "n_fft": 1024,
    "hop_length": 172,
    "n_freq_bins": 256,
    "fmin": 500,
    "fmax": 10000,
    "freq_compression": "linear",
    "loss_type": "focal",
    "focal_gamma": 2.0,
    "label_smoothing": 0.1,
    "cb_beta": 0.9999,
    "weighted_sampling": true,
    "sampling_strategy": "sqrt_inverse_freq",
    "use_compile": true,
    "use_warmup": true,
    "warmup_epochs": 5,
    "scheduler": "onecycle",
    "grad_clip": 1.0,
    "mixup_alpha": 0.0,
    "spec_augment": false,
    "num_workers": 8,
    "pin_memory": true,
    "prefetch_factor": 4,
    "persistent_workers": true,
    "use_cache": true
  },
  "best_val_acc": 0.6460930373973852,
  "best_epoch": 87,
  "test_acc": 0.670845387335262,
  "test_per_class": {
    "K1": 0.952054794520548,
    "K10": 0.9622641509433962,
    "K12": 0.9113924050632911,
    "K13": 0.95,
    "K14": 0.75,
    "K17": 1.0,
    "K21": 0.9393939393939394,
    "K27": 1.0,
    "K3": 0.9036144578313253,
    "K4": 0.9722222222222222,
    "K5": 0.964516129032258,
    "K7": 1.0,
    "noise": 0.4386984311446833
  },
  "total_time_minutes": 27.229045391082764
}