{
  "config": {
    "name": "exp3_max_seq_balanced",
    "backbone": "resnet18",
    "pretrained": false,
    "batch_size": 64,
    "lr": 0.0003,
    "weight_decay": 0.0001,
    "max_epochs": 100,
    "early_stop_patience": 25,
    "sr": 44100,
    "sequence_len": 1000,
    "n_fft": 1024,
    "hop_length": 172,
    "n_freq_bins": 256,
    "fmin": 500,
    "fmax": 10000,
    "freq_compression": "linear",
    "loss_type": "label_smoothing",
    "label_smoothing": 0.1,
    "class_weight_boost": null,
    "weighted_sampling": true,
    "sampling_strategy": "sqrt_inverse_freq",
    "k12_k14_boost": 1.5,
    "use_compile": true,
    "scheduler": "onecycle",
    "grad_clip": 1.0,
    "num_workers": 8,
    "pin_memory": true,
    "prefetch_factor": 4,
    "persistent_workers": true,
    "use_cache": true
  },
  "best_val_acc": 0.9933110367892977,
  "best_epoch": 9,
  "test_acc": 0.9948569591771135,
  "test_per_class": {
    "K1": 0.9954337899543378,
    "K10": 0.9811320754716981,
    "K12": 0.9620253164556962,
    "K13": 1.0,
    "K14": 0.8333333333333334,
    "K17": 1.0,
    "K21": 0.9393939393939394,
    "K27": 1.0,
    "K3": 0.9759036144578314,
    "K4": 0.9814814814814815,
    "K5": 0.9967741935483871,
    "K7": 1.0,
    "noise": 0.999418942475305
  },
  "best_k12_acc": 1.0,
  "best_k14_acc": 0.9166666666666666,
  "test_k12": 0.9620253164556962,
  "test_k14": 0.8333333333333334,
  "total_time_minutes": 11.222599132855732
}