{
  "config": {
    "name": "exp9_convnext_1200ms_bs64",
    "backbone": "convnext_tiny",
    "pretrained": false,
    "batch_size": 64,
    "lr": 0.0003,
    "weight_decay": 0.01,
    "max_epochs": 100,
    "early_stop_patience": 25,
    "sr": 44100,
    "sequence_len": 1200,
    "n_fft": 1024,
    "hop_length": 172,
    "n_freq_bins": 256,
    "fmin": 500,
    "fmax": 10000,
    "freq_compression": "linear",
    "loss_type": "label_smoothing",
    "label_smoothing": 0.1,
    "class_weight_boost": null,
    "weighted_sampling": true,
    "sampling_strategy": "sqrt_inverse_freq",
    "k12_k14_boost": 1.5,
    "use_compile": true,
    "scheduler": "onecycle",
    "grad_clip": 1.0,
    "num_workers": 8,
    "pin_memory": true,
    "prefetch_factor": 4,
    "persistent_workers": true,
    "use_cache": true
  },
  "best_val_acc": 0.9911827303131651,
  "best_epoch": 20,
  "test_acc": 0.9903567984570878,
  "test_per_class": {
    "K1": 0.9908675799086758,
    "K10": 1.0,
    "K12": 0.8481012658227848,
    "K13": 0.95,
    "K14": 0.8333333333333334,
    "K17": 0.9814814814814815,
    "K21": 0.9696969696969697,
    "K27": 1.0,
    "K3": 0.963855421686747,
    "K4": 0.9907407407407407,
    "K5": 0.9838709677419355,
    "K7": 1.0,
    "noise": 1.0
  },
  "best_k12_acc": 0.9736842105263158,
  "best_k14_acc": 0.9166666666666666,
  "test_k12": 0.8481012658227848,
  "test_k14": 0.8333333333333334,
  "total_time_minutes": 15.174585183461508
}