{
  "config": {
    "name": "final_convnext_optimized",
    "backbone": "convnext_tiny",
    "pretrained": true,
    "batch_size": 48,
    "lr": 0.0002,
    "min_lr": 1e-06,
    "weight_decay": 0.01,
    "max_epochs": 100,
    "early_stop_patience": 25,
    "sr": 44100,
    "sequence_len": 500,
    "n_fft": 1024,
    "hop_length": 172,
    "n_freq_bins": 256,
    "fmin": 500,
    "fmax": 10000,
    "freq_compression": "linear",
    "loss_type": "label_smoothing",
    "label_smoothing": 0.1,
    "weighted_sampling": true,
    "sampling_strategy": "sqrt_inverse_freq",
    "use_compile": true,
    "scheduler": "onecycle",
    "grad_clip": 1.0,
    "warmup_epochs": 5,
    "mixup_alpha": 0.0,
    "spec_augment": false,
    "num_workers": 8,
    "pin_memory": true,
    "prefetch_factor": 4,
    "persistent_workers": true,
    "use_cache": true
  },
  "best_val_acc": 0.9887503800547279,
  "best_epoch": 54,
  "test_acc": 0.9816779170684667,
  "test_per_class": {
    "K1": 0.9931506849315068,
    "K10": 1.0,
    "K12": 0.7848101265822784,
    "K13": 1.0,
    "K14": 0.8333333333333334,
    "K17": 1.0,
    "K21": 0.9090909090909091,
    "K27": 1.0,
    "K3": 0.9156626506024096,
    "K4": 0.9722222222222222,
    "K5": 0.9709677419354839,
    "K7": 0.9947089947089947,
    "noise": 0.9930273097036607
  },
  "total_time_minutes": 23.652983804543812,
  "comparison": {
    "old_baseline": 0.9779,
    "label_smoothing_best": 0.9894,
    "this_experiment": 0.9816779170684667,
    "beat_baseline": true,
    "beat_label_smoothing": false
  }
}