{
  "config": {
    "name": "01_resnet18_fast_baseline",
    "backbone": "resnet18",
    "pretrained": false,
    "batch_size": 64,
    "accumulation_steps": 1,
    "lr": 0.0003,
    "weight_decay": 0.0001,
    "max_epochs": 100,
    "early_stop_patience": 20,
    "sr": 44100,
    "sequence_len": 500,
    "n_fft": 1024,
    "hop_length": 172,
    "n_freq_bins": 256,
    "fmin": 500,
    "fmax": 10000,
    "freq_compression": "linear",
    "loss_type": "cross_entropy",
    "focal_gamma": 2.0,
    "label_smoothing": 0.1,
    "cb_beta": 0.9999,
    "weighted_sampling": true,
    "sampling_strategy": "sqrt_inverse_freq",
    "use_compile": true,
    "use_warmup": true,
    "warmup_epochs": 5,
    "scheduler": "onecycle",
    "grad_clip": 1.0,
    "mixup_alpha": 0.0,
    "spec_augment": false,
    "num_workers": 8,
    "pin_memory": true,
    "prefetch_factor": 4,
    "persistent_workers": true,
    "use_cache": true
  },
  "best_val_acc": 0.9875342049255093,
  "best_epoch": 74,
  "test_acc": 0.9871423979427837,
  "test_per_class": {
    "K1": 0.997716894977169,
    "K10": 0.9811320754716981,
    "K12": 0.8860759493670886,
    "K13": 0.95,
    "K14": 0.6666666666666666,
    "K17": 1.0,
    "K21": 0.9090909090909091,
    "K27": 1.0,
    "K3": 0.9036144578313253,
    "K4": 0.9537037037037037,
    "K5": 0.9838709677419355,
    "K7": 1.0,
    "noise": 0.9982568274259151
  },
  "total_time_minutes": 26.767139474550884
}