{
  "config": {
    "name": "exp1_long_seq_label_smooth",
    "backbone": "resnet18",
    "pretrained": false,
    "batch_size": 64,
    "lr": 0.0003,
    "weight_decay": 0.0001,
    "max_epochs": 100,
    "early_stop_patience": 25,
    "sr": 44100,
    "sequence_len": 800,
    "n_fft": 1024,
    "hop_length": 172,
    "n_freq_bins": 256,
    "fmin": 500,
    "fmax": 10000,
    "freq_compression": "linear",
    "loss_type": "label_smoothing",
    "label_smoothing": 0.1,
    "class_weight_boost": null,
    "weighted_sampling": true,
    "sampling_strategy": "sqrt_inverse_freq",
    "k12_k14_boost": 1.5,
    "use_compile": true,
    "scheduler": "onecycle",
    "grad_clip": 1.0,
    "num_workers": 8,
    "pin_memory": true,
    "prefetch_factor": 4,
    "persistent_workers": true,
    "use_cache": true
  },
  "best_val_acc": 0.9914867740954697,
  "best_epoch": 50,
  "test_acc": 0.9909996785599485,
  "test_per_class": {
    "K1": 0.9908675799086758,
    "K10": 1.0,
    "K12": 0.9240506329113924,
    "K13": 0.95,
    "K14": 0.75,
    "K17": 0.9814814814814815,
    "K21": 0.9696969696969697,
    "K27": 1.0,
    "K3": 0.9397590361445783,
    "K4": 0.9629629629629629,
    "K5": 0.9935483870967742,
    "K7": 0.9947089947089947,
    "noise": 1.0
  },
  "best_k12_acc": 1.0,
  "best_k14_acc": 0.9166666666666666,
  "test_k12": 0.9240506329113924,
  "test_k14": 0.75,
  "total_time_minutes": 23.292655539512634
}