{
  "config": {
    "name": "10_efficientnet_focal",
    "backbone": "efficientnet",
    "pretrained": false,
    "batch_size": 48,
    "accumulation_steps": 1,
    "lr": 0.0002,
    "weight_decay": 0.0001,
    "max_epochs": 100,
    "early_stop_patience": 20,
    "sr": 44100,
    "sequence_len": 500,
    "n_fft": 1024,
    "hop_length": 172,
    "n_freq_bins": 256,
    "fmin": 500,
    "fmax": 10000,
    "freq_compression": "linear",
    "loss_type": "focal",
    "focal_gamma": 2.0,
    "label_smoothing": 0.1,
    "cb_beta": 0.9999,
    "weighted_sampling": true,
    "sampling_strategy": "sqrt_inverse_freq",
    "use_compile": true,
    "use_warmup": true,
    "warmup_epochs": 5,
    "scheduler": "onecycle",
    "grad_clip": 1.0,
    "mixup_alpha": 0.0,
    "spec_augment": false,
    "num_workers": 8,
    "pin_memory": true,
    "prefetch_factor": 4,
    "persistent_workers": true,
    "use_cache": true
  },
  "best_val_acc": 0.45211310428701734,
  "best_epoch": 40,
  "test_acc": 0.4088717454194793,
  "test_per_class": {
    "K1": 0.865296803652968,
    "K10": 1.0,
    "K12": 0.9113924050632911,
    "K13": 0.95,
    "K14": 0.8333333333333334,
    "K17": 0.9814814814814815,
    "K21": 0.9696969696969697,
    "K27": 1.0,
    "K3": 0.9397590361445783,
    "K4": 0.9537037037037037,
    "K5": 0.7193548387096774,
    "K7": 0.9682539682539683,
    "noise": 0.03253922138291691
  },
  "total_time_minutes": 18.32431478500366
}