{
  "config": {
    "name": "exp5_k14_extreme_focus",
    "backbone": "resnet18",
    "pretrained": false,
    "batch_size": 64,
    "lr": 0.0003,
    "weight_decay": 0.0001,
    "max_epochs": 100,
    "early_stop_patience": 25,
    "sr": 44100,
    "sequence_len": 800,
    "n_fft": 1024,
    "hop_length": 172,
    "n_freq_bins": 256,
    "fmin": 500,
    "fmax": 10000,
    "freq_compression": "linear",
    "loss_type": "label_smoothing",
    "label_smoothing": 0.1,
    "class_weight_boost": {
      "K12": 2.5,
      "K14": 4.0
    },
    "weighted_sampling": true,
    "sampling_strategy": "inverse_freq",
    "k12_k14_boost": 3.0,
    "use_compile": true,
    "scheduler": "onecycle",
    "grad_clip": 1.0,
    "num_workers": 8,
    "pin_memory": true,
    "prefetch_factor": 4,
    "persistent_workers": true,
    "use_cache": true
  },
  "best_val_acc": 0.9902705989662511,
  "best_epoch": 26,
  "test_acc": 0.9903567984570878,
  "test_per_class": {
    "K1": 0.9863013698630136,
    "K10": 1.0,
    "K12": 0.9240506329113924,
    "K13": 0.9,
    "K14": 0.6666666666666666,
    "K17": 0.9814814814814815,
    "K21": 1.0,
    "K27": 1.0,
    "K3": 0.9397590361445783,
    "K4": 0.9814814814814815,
    "K5": 0.9967741935483871,
    "K7": 0.9947089947089947,
    "noise": 0.9988378849506101
  },
  "best_k12_acc": 1.0,
  "best_k14_acc": 1.0,
  "test_k12": 0.9240506329113924,
  "test_k14": 0.6666666666666666,
  "total_time_minutes": 15.553671610355376
}