{
  "config": {
    "name": "exp2_aggressive_k12_k14",
    "backbone": "resnet18",
    "pretrained": false,
    "batch_size": 64,
    "lr": 0.0003,
    "weight_decay": 0.0001,
    "max_epochs": 100,
    "early_stop_patience": 25,
    "sr": 44100,
    "sequence_len": 500,
    "n_fft": 1024,
    "hop_length": 172,
    "n_freq_bins": 256,
    "fmin": 500,
    "fmax": 10000,
    "freq_compression": "linear",
    "loss_type": "label_smoothing",
    "label_smoothing": 0.1,
    "class_weight_boost": {
      "K12": 2.0,
      "K14": 3.0
    },
    "weighted_sampling": true,
    "sampling_strategy": "inverse_freq",
    "k12_k14_boost": 2.0,
    "use_compile": true,
    "scheduler": "onecycle",
    "grad_clip": 1.0,
    "num_workers": 8,
    "pin_memory": true,
    "prefetch_factor": 4,
    "persistent_workers": true,
    "use_cache": true
  },
  "best_val_acc": 0.9875342049255093,
  "best_epoch": 47,
  "test_acc": 0.9877852780456445,
  "test_per_class": {
    "K1": 0.9908675799086758,
    "K10": 1.0,
    "K12": 0.8734177215189873,
    "K13": 0.95,
    "K14": 0.75,
    "K17": 1.0,
    "K21": 0.9696969696969697,
    "K27": 1.0,
    "K3": 0.9397590361445783,
    "K4": 0.9629629629629629,
    "K5": 0.9838709677419355,
    "K7": 0.9947089947089947,
    "noise": 0.9976757699012202
  },
  "best_k12_acc": 1.0,
  "best_k14_acc": 1.0,
  "test_k12": 0.8734177215189873,
  "test_k14": 0.75,
  "total_time_minutes": 20.963313285509745
}